{
  "course_version" : 1,
  "summary" : "Here you can put the course description. You can use HTML tags inside the description.",
  "title" : "Ezy Java Advanced Course",
  "programming_language_id" : "JAVA",
  "language" : "en",
  "course_type" : "Marketplace",
  "items" : [
    {
      "id" : 2007248013,
      "title" : "Introduction",
      "items" : [
        {
          "id" : 597758653,
          "title" : "Introduction",
          "task_list" : [
            {
              "id" : 1506799400,
              "name" : "Course Overview",
              "files" : {
                "src/Main.java" : {
                  "name" : "src/Main.java",
                  "placeholders" : [ ],
                  "is_visible" : true,
                  "is_binary" : false
                }
              },
              "description_text" : "**Platform:** IntelliJ IDEA (JetBrains Academy)  \n\n**Learning Method:** Theory → Coding Tasks → Small Projects → Capstone Project\n\n---\n\n- Module 1: Java Basics and Program Execution\n  - Lesson 1: Introduction to Java SE 8 and Development Setup\n  - Lesson 2: Understanding `main()` Method and Program Execution\n\n- Module 2: Data Types, Variables, and Operators\n  - Lesson 3: Primitive Data Types and Wrapper Classes\n  - Lesson 4: Operators and Expressions\n\n- Module 3: Control Flow: Decision-Making and Loops\n  - Lesson 5: Conditional Statements\n  - Lesson 6: Loops and Iteration\n\n- Module 4: Arrays and Collections\n  - Lesson 7: Working with Arrays\n  - Lesson 8: ArrayList and Utility Classes\n\n- Module 5: Methods and Encapsulation\n  - Lesson 9: Defining and Using Methods\n  - Lesson 10: Access Modifiers and Encapsulation\n\n- Module 6: Object-Oriented Programming\n  - Lesson 11: Inheritance and Method Overriding\n  - Lesson 12: Abstract Classes and Interfaces\n\n- Module 7: Exception Handling\n  - Lesson 13: Handling Exceptions\n\n- Module 8: Strings and Utility Classes\n  - Lesson 14: String, StringBuilder, and StringBuffer\n\n- Module 9: Functional Programming with Lambda and Streams\n  - Lesson 15: Lambda Expressions\n  - Lesson 16: Streams API\n\n- Module 10: Capstone Project\n  - Final Project: Mini Banking System\n\n- Course Highlights\n  - Hands-on Learning – Learn-by-doing with coding tasks in IntelliJ\n  - Project-Based Learning – Apply concepts through small projects\n  - Capstone Project – Build a real-world Java application",
              "description_format" : "MD",
              "task_type" : "theory"
            },
            {
              "id" : 2146209474,
              "name" : "JDK vs JRE vs JVM",
              "files" : {
                "src/Main.java" : {
                  "name" : "src/Main.java",
                  "placeholders" : [ ],
                  "is_visible" : true,
                  "is_binary" : false
                }
              },
              "description_text" : "Before we start coding, let’s clear up a common confusion: **JDK, JRE, and JVM**.\n\n### Imagine You’re Making a Movie...\n\nJust like in Java development, a movie involves **different roles and components** working together.\n\n- **JVM (Java Virtual Machine) → The Movie Theater 🎥**\n  - The **JVM is like a movie theater** where a film (Java program) is played.\n  - It doesn’t produce the movie; it just provides the environment to **watch (execute) the movie**.\n  - No matter where the theater is located (**Windows, macOS, Linux**), the movie plays the same way—just like Java code runs the same on any JVM.\n\n- **JRE (Java Runtime Environment) → The Movie DVD or Streaming Service 📀**\n  - The **JRE is like a DVD or a streaming service (Netflix, Disney+, etc.)**.\n  - It contains everything needed to **deliver and run the movie in the theater** (Java libraries, runtime components, and JVM).\n  - Without the DVD or streaming service, the theater (**JVM**) wouldn’t have anything to play!\n\n- **JDK (Java Development Kit) → The Movie Studio 🎬**\n  - The **JDK is like a full-fledged movie production studio**—it doesn’t just play movies, it **creates** them!\n  - It includes **cameras, editing software, scripts, actors, and directors** (Java compiler, debugger, and tools) to **write, produce, and package movies** (develop Java applications).\n  - A movie studio has everything needed to **produce a DVD or a digital version** (compile Java code into a runnable program).\n\n---\n\n## How It Relates to Java Development\n\n| Java Component | Movie Analogy 🎬             | What It Does                                          |\n|----------------|------------------------------|-------------------------------------------------------|\n| **JVM**        | The movie theater            | Runs Java programs                                    |\n| **JRE**        | The DVD or streaming service | Provides necessary libraries to run Java applications |\n| **JDK**        | The movie production studio  | Allows you to write, compile, and run Java programs   |\n\n---\n\n## Conclusion\n\n\"If you just want to **watch movies** (run Java programs), all you need is a **JRE** (a DVD or streaming service). But if you want to **create movies** (develop Java applications), you need a **JDK** (a full movie production studio).\"\n\nNow that you understand **JDK, JRE, and JVM**, let’s install **JDK manually** and set up **IntelliJ IDEA** to start writing our first Java program! 🚀  ",
              "description_format" : "MD",
              "task_type" : "theory"
            },
            {
              "id" : 1257906395,
              "name" : "Install JDK",
              "files" : {
                "src/Main.java" : {
                  "name" : "src/Main.java",
                  "placeholders" : [ ],
                  "is_visible" : true,
                  "is_binary" : false
                }
              },
              "description_text" : "1. **Download JDK** from the official OpenJDK or Oracle website:\n   - [OpenJDK](https://openjdk.org/)\n   - [Oracle JDK](https://www.oracle.com/java/technologies/javase-downloads.html)\n\n2. **Install JDK** by following the installation wizard.\n\n3. **Verify the Installation**:\n   - Open a terminal or command prompt.\n   - Type:\n     ```sh\n     java -version\n     ```  \n   - If installed correctly, you should see something like:\n     ```\n     openjdk version \"23.0.1\" 2024-10-15\n     OpenJDK Runtime Environment (build 23.0.1+11-39)\n     OpenJDK 64-Bit Server VM (build 23.0.1+11-39, mixed mode, sharing)\n     ```  \n",
              "description_format" : "MD",
              "task_type" : "theory"
            },
            {
              "id" : 1440462587,
              "name" : "Install IntelliJ IDEA",
              "files" : {
                "src/Main.java" : {
                  "name" : "src/Main.java",
                  "placeholders" : [ ],
                  "is_visible" : true,
                  "is_binary" : false
                }
              },
              "description_text" : "#### **Installing IntelliJ IDEA**\n\n1. **Download IntelliJ IDEA Community Edition** (free) from [JetBrains](https://www.jetbrains.com/idea/download/).\n2. **Run the installer** and follow the installation steps.\n3. **Launch IntelliJ IDEA** and configure the default settings.\n4. **Ensure JDK is Configured**:\n  - Go to **File** → **Project Structure** → **SDKs**\n  - If no JDK is detected, click **Add JDK** and select the installed Java version.\n\nNow that IntelliJ IDEA is ready, let's write our first Java program! 🚀  ",
              "description_format" : "MD",
              "task_type" : "theory"
            },
            {
              "id" : 1979429427,
              "name" : "Writing Your FIrst Java Program",
              "files" : {
                "src/Main.java" : {
                  "name" : "src/Main.java",
                  "placeholders" : [ ],
                  "is_visible" : true,
                  "is_binary" : false
                }
              },
              "description_text" : "Now, let’s create a **simple \"Hello, World!\" program** to test our setup.\n\n### **Creating a New Java Project in IntelliJ IDEA**\n1. Open IntelliJ IDEA and click on **New Project**.\n2. Select **Java** from the project templates.\n3. Make sure an **SDK (JDK)** is selected. If none is available, click **Add JDK** and select the installed JDK.\n4. Click **Next** → **Finish**.  \n\n---\n\n### **Writing the \"Hello, World!\" Program**\n1. Inside the **src** folder, right-click and select **New → Java Class**.\n2. Name the class `HelloWorld`.\n3. Copy and paste the following code:\n\n    ```java\n    public class HelloWorld {\n        public static void main(String[] args) {\n            System.out.println(\"Hello, World!\");\n        }\n    }\n    ```  \n\n4. **Run the program**:\n  - Click the **Run** button (▶️) at the top, or\n  - Right-click inside the file and select **Run HelloWorld.main()**.\n\n5. **Expected Output**\n\n    ```\n    Hello, World!\n    ```\n\n\nCongratulations! 🎉 You've successfully installed IntelliJ IDEA and run your first Java program.  \nNow, let's dive deeper into Java basics! 🚀  ",
              "description_format" : "MD",
              "task_type" : "theory"
            }
          ],
          "type" : "lesson"
        }
      ],
      "type" : "section"
    }
  ],
  "additional_files" : [
    {
      "name" : "common/src/main/java/org/jetbrains/academy/java/template/CourseUtils.java",
      "is_visible" : true,
      "is_binary" : false
    },
    {
      "name" : "common/src/main/resources/images/logo.png",
      "is_visible" : true,
      "is_binary" : true
    },
    {
      "name" : "common/src/main/resources/images/logo_dark.png",
      "is_visible" : true,
      "is_binary" : true
    },
    {
      "name" : "common/src/main/resources/images/files-order.gif",
      "is_visible" : true,
      "is_binary" : true
    },
    {
      "name" : "common/src/main/resources/images/theme-example.gif",
      "is_visible" : true,
      "is_binary" : true
    },
    {
      "name" : "common/src/main/resources/images/use_template_blur.jpg",
      "is_visible" : true,
      "is_binary" : true
    },
    {
      "name" : "common/src/main/resources/images/course-structure-author.png",
      "is_visible" : true,
      "is_binary" : true
    },
    {
      "name" : "common/src/main/resources/images/course-structure-student.png",
      "is_visible" : true,
      "is_binary" : true
    },
    {
      "name" : "common/src/main/resources/images/get-from-version-control.png",
      "is_visible" : true,
      "is_binary" : true
    },
    {
      "name" : "common/src/main/resources/images/run-debug-configurations.png",
      "is_visible" : true,
      "is_binary" : true
    },
    {
      "name" : "common/build.gradle.kts",
      "is_visible" : true,
      "is_binary" : false
    },
    {
      "name" : "LICENSE",
      "is_visible" : true,
      "is_binary" : false
    },
    {
      "name" : "build.gradle.kts",
      "is_visible" : true,
      "is_binary" : false
    },
    {
      "name" : "gradle.properties",
      "is_visible" : true,
      "is_binary" : false
    },
    {
      "name" : "settings.gradle.kts",
      "is_visible" : true,
      "is_binary" : false
    },
    {
      "name" : ".idea/inspectionProfiles/Project_Default.xml",
      "is_visible" : true,
      "is_binary" : false
    }
  ],
  "version" : 19,
  "environment_settings" : {
    "jvm_language_level" : "JDK_17"
  },
  "edu_plugin_version" : "2025.2-2024.3-1399"
}