{
  "course_version" : 1,
  "summary" : "Java Advanced Course by Ezy Interviews",
  "title" : "Ezy Java Advanced Course",
  "programming_language_id" : "JAVA",
  "language" : "en",
  "course_type" : "Marketplace",
  "items" : [
    {
      "id" : 2007248013,
      "title" : "Introduction",
      "items" : [
        {
          "id" : 597758653,
          "title" : "Introduction",
          "task_list" : [
            {
              "id" : 1506799400,
              "name" : "Course Overview",
              "files" : {
                "src/Main.java" : {
                  "name" : "src/Main.java",
                  "placeholders" : [ ],
                  "is_visible" : true,
                  "is_binary" : false
                }
              },
              "description_text" : "**Platform:** IntelliJ IDEA (JetBrains Academy)  \n\n**Learning Method:** Theory → Coding Tasks → Small Projects → Capstone Project\n\n---\n\n- Module 1: Java Basics and Program Execution\n  - Lesson 1: Introduction to Java SE 8 and Development Setup\n  - Lesson 2: Understanding `main()` Method and Program Execution\n\n- Module 2: Data Types, Variables, and Operators\n  - Lesson 3: Primitive Data Types and Wrapper Classes\n  - Lesson 4: Operators and Expressions\n\n- Module 3: Control Flow: Decision-Making and Loops\n  - Lesson 5: Conditional Statements\n  - Lesson 6: Loops and Iteration\n\n- Module 4: Arrays and Collections\n  - Lesson 7: Working with Arrays\n  - Lesson 8: ArrayList and Utility Classes\n\n- Module 5: Methods and Encapsulation\n  - Lesson 9: Defining and Using Methods\n  - Lesson 10: Access Modifiers and Encapsulation\n\n- Module 6: Object-Oriented Programming\n  - Lesson 11: Inheritance and Method Overriding\n  - Lesson 12: Abstract Classes and Interfaces\n\n- Module 7: Exception Handling\n  - Lesson 13: Handling Exceptions\n\n- Module 8: Strings and Utility Classes\n  - Lesson 14: String, StringBuilder, and StringBuffer\n\n- Module 9: Functional Programming with Lambda and Streams\n  - Lesson 15: Lambda Expressions\n  - Lesson 16: Streams API\n\n- Module 10: Capstone Project\n  - Final Project: Mini Banking System\n\n- Course Highlights\n  - Hands-on Learning – Learn-by-doing with coding tasks in IntelliJ\n  - Project-Based Learning – Apply concepts through small projects\n  - Capstone Project – Build a real-world Java application",
              "description_format" : "MD",
              "task_type" : "theory"
            },
            {
              "id" : 2146209474,
              "name" : "JDK vs JRE vs JVM",
              "files" : {
                "src/Main.java" : {
                  "name" : "src/Main.java",
                  "placeholders" : [ ],
                  "is_visible" : true,
                  "is_binary" : false
                }
              },
              "description_text" : "Before we start coding, let’s clear up a common confusion: **JDK, JRE, and JVM**.\n\n### Imagine You’re Making a Movie...\n\nJust like in Java development, a movie involves **different roles and components** working together.\n\n- **JVM (Java Virtual Machine) → The Movie Theater 🎥**\n  - The **JVM is like a movie theater** where a film (Java program) is played.\n  - It doesn’t produce the movie; it just provides the environment to **watch (execute) the movie**.\n  - No matter where the theater is located (**Windows, macOS, Linux**), the movie plays the same way—just like Java code runs the same on any JVM.\n\n- **JRE (Java Runtime Environment) → The Movie DVD or Streaming Service 📀**\n  - The **JRE is like a DVD or a streaming service (Netflix, Disney+, etc.)**.\n  - It contains everything needed to **deliver and run the movie in the theater** (Java libraries, runtime components, and JVM).\n  - Without the DVD or streaming service, the theater (**JVM**) wouldn’t have anything to play!\n\n- **JDK (Java Development Kit) → The Movie Studio 🎬**\n  - The **JDK is like a full-fledged movie production studio**—it doesn’t just play movies, it **creates** them!\n  - It includes **cameras, editing software, scripts, actors, and directors** (Java compiler, debugger, and tools) to **write, produce, and package movies** (develop Java applications).\n  - A movie studio has everything needed to **produce a DVD or a digital version** (compile Java code into a runnable program).\n\n---\n\n## How It Relates to Java Development\n\n| Java Component | Movie Analogy 🎬             | What It Does                                          |\n|----------------|------------------------------|-------------------------------------------------------|\n| **JVM**        | The movie theater            | Runs Java programs                                    |\n| **JRE**        | The DVD or streaming service | Provides necessary libraries to run Java applications |\n| **JDK**        | The movie production studio  | Allows you to write, compile, and run Java programs   |\n\n---\n\n## Conclusion\n\n\"If you just want to **watch movies** (run Java programs), all you need is a **JRE** (a DVD or streaming service). But if you want to **create movies** (develop Java applications), you need a **JDK** (a full movie production studio).\"\n\nNow that you understand **JDK, JRE, and JVM**, let’s install **JDK manually** and set up **IntelliJ IDEA** to start writing our first Java program! 🚀  ",
              "description_format" : "MD",
              "task_type" : "theory"
            },
            {
              "id" : 1257906395,
              "name" : "Install JDK",
              "files" : {
                "src/Main.java" : {
                  "name" : "src/Main.java",
                  "placeholders" : [ ],
                  "is_visible" : true,
                  "is_binary" : false
                }
              },
              "description_text" : "1. **Download JDK** from the official OpenJDK or Oracle website:\n   - [OpenJDK](https://openjdk.org/)\n   - [Oracle JDK](https://www.oracle.com/java/technologies/javase-downloads.html)\n\n2. **Install JDK** by following the installation wizard.\n\n3. **Verify the Installation**:\n   - Open a terminal or command prompt.\n   - Type:\n     ```sh\n     java -version\n     ```  \n   - If installed correctly, you should see something like:\n     ```\n     openjdk version \"23.0.1\" 2024-10-15\n     OpenJDK Runtime Environment (build 23.0.1+11-39)\n     OpenJDK 64-Bit Server VM (build 23.0.1+11-39, mixed mode, sharing)\n     ```  \n",
              "description_format" : "MD",
              "task_type" : "theory"
            },
            {
              "id" : 1440462587,
              "name" : "Install IntelliJ IDEA",
              "files" : {
                "src/Main.java" : {
                  "name" : "src/Main.java",
                  "placeholders" : [ ],
                  "is_visible" : true,
                  "is_binary" : false
                }
              },
              "description_text" : "#### **Installing IntelliJ IDEA**\n\n1. **Download IntelliJ IDEA Community Edition** (free) from [JetBrains](https://www.jetbrains.com/idea/download/).\n2. **Run the installer** and follow the installation steps.\n3. **Launch IntelliJ IDEA** and configure the default settings.\n4. **Ensure JDK is Configured**:\n  - Go to **File** → **Project Structure** → **SDKs**\n  - If no JDK is detected, click **Add JDK** and select the installed Java version.\n\nNow that IntelliJ IDEA is ready, let's write our first Java program! 🚀  ",
              "description_format" : "MD",
              "task_type" : "theory"
            },
            {
              "id" : 1979429427,
              "name" : "Writing Your First Java Program",
              "files" : {
                "src/Main.java" : {
                  "name" : "src/Main.java",
                  "placeholders" : [ ],
                  "is_visible" : true,
                  "is_binary" : false
                }
              },
              "description_text" : "Now, let’s create a **simple \"Hello, World!\" program** to test our setup.\n\n### **Creating a New Java Project in IntelliJ IDEA**\n1. Open IntelliJ IDEA and click on **New Project**.\n2. Select **Java** from the project templates.\n3. Make sure an **SDK (JDK)** is selected. If none is available, click **Add JDK** and select the installed JDK.\n4. Click **Next** → **Finish**.  \n\n---\n\n### **Writing the \"Hello, World!\" Program**\n1. Inside the **src** folder, right-click and select **New → Java Class**.\n2. Name the class `HelloWorld`.\n3. Copy and paste the following code:\n\n    ```java\n    public class HelloWorld {\n        public static void main(String[] args) {\n            System.out.println(\"Hello, World!\");\n        }\n    }\n    ```  \n\n4. **Run the program**:\n  - Click the **Run** button (▶️) at the top, or\n  - Right-click inside the file and select **Run HelloWorld.main()**.\n\n5. **Expected Output**\n\n    ```\n    Hello, World!\n    ```\n\n\nCongratulations! 🎉 You've successfully installed IntelliJ IDEA and run your first Java program.  \nNow, let's dive deeper into Java basics! 🚀  ",
              "description_format" : "MD",
              "task_type" : "theory"
            }
          ],
          "type" : "lesson"
        },
        {
          "id" : 1364314356,
          "title" : "Breaking the Surface",
          "task_list" : [
            {
              "id" : 920577863,
              "name" : "Code Structure In Java",
              "files" : {
                "src/HelloWorld.java" : {
                  "name" : "src/HelloWorld.java",
                  "placeholders" : [ ],
                  "is_visible" : true,
                  "is_binary" : false
                },
                "code-structure.png" : {
                  "name" : "code-structure.png",
                  "placeholders" : [ ],
                  "is_visible" : true,
                  "is_binary" : true
                }
              },
              "description_text" : "\n* Each source file in Java language has a `.java` extension and must include a class with the same name.\n* To make your Java file executable, define a `main` method inside the class.\n* Curly braces { } define the boundaries of structures such as classes and methods.\n* Any code that should run must be written inside the main method.\n* The file you are viewing demonstrates the structure of a basic Java program.\n\n![code structure](code-structure.png)",
              "description_format" : "MD",
              "task_type" : "theory"
            },
            {
              "choiceOptions" : [
                {
                  "text" : "Name of the class is incorrect",
                  "status" : "CORRECT"
                },
                {
                  "text" : "There is no code in the main method",
                  "status" : "INCORRECT"
                }
              ],
              "isMultipleChoice" : false,
              "name" : "File Name and Class Name",
              "files" : {
                "src/Myjavaclass.java" : {
                  "name" : "src/Myjavaclass.java",
                  "placeholders" : [ ],
                  "is_visible" : true,
                  "is_binary" : false
                }
              },
              "description_text" : "\n**Why is there an error in the code?**\n<div class=\"hint\">\nCompare the file name and the class name\n</div>",
              "description_format" : "MD",
              "task_type" : "choice",
              "id" : 97178707
            },
            {
              "id" : 340481593,
              "name" : "Console Output",
              "files" : {
                "src/PrintingText.java" : {
                  "name" : "src/PrintingText.java",
                  "placeholders" : [ ],
                  "is_visible" : true,
                  "is_binary" : false
                }
              },
              "description_text" : "\n| Command                | Effect                                                        |\n|------------------------|---------------------------------------------------------------|\n| `System.out.print()`   | Prints a mesage to the console                                |\n| `System.out.println()` | Prints a mesage to the console and adds a new line at the end |\n\n* Each command should end with a semicolon `;`\n* To quickly type the println command, use the shortcut sout.\n* To duplicate a line, press `⌘D`.\n* There are multiple ways to run Java code:\n  * Click the green triangle next to the class or `main` method.\n  * Right-click the .java file and select `Run`.\n  * Go to the Run tab in the toolbar and choose `Run`.\n  * Use the shortcut `⌃R`.",
              "description_format" : "MD",
              "task_type" : "theory"
            },
            {
              "id" : 1090857400,
              "name" : "Hello World",
              "files" : {
                "src/HelloWorld.java" : {
                  "name" : "src/HelloWorld.java",
                  "placeholders" : [
                    {
                      "offset" : 96,
                      "length" : 20,
                      "possible_answer" : "OssxSpLqRhklfYeU5SxbvQ==",
                      "placeholder_text" : "/* \"Hello World!\" */"
                    }
                  ],
                  "is_visible" : true,
                  "is_binary" : false
                },
                "test/output.txt" : {
                  "name" : "test/output.txt",
                  "placeholders" : [ ],
                  "is_visible" : false,
                  "is_binary" : false
                },
                "test/input.txt" : {
                  "name" : "test/input.txt",
                  "placeholders" : [ ],
                  "is_visible" : false,
                  "is_binary" : false
                }
              },
              "description_text" : "Your objective is to write a simple Java program that prints **\"Hello, World!\"** to the console.\n\n<div class=\"hint\">\nRemember to enclose the message within double quotes.\n</div>",
              "description_format" : "MD",
              "task_type" : "output"
            },
            {
              "id" : 1723638287,
              "name" : "Print Statement",
              "files" : {
                "src/PrintTask.java" : {
                  "name" : "src/PrintTask.java",
                  "placeholders" : [
                    {
                      "offset" : 75,
                      "length" : 10,
                      "possible_answer" : "hPCGMtq5LjZmA9ye76lrFFh6LV9FYsTlK6XagpJw7p3WsS8o/rWDNlTkQMjRpfNJF9VqgBuUrQKJXTnd7uOy7E3RmcdpVCSv3UWrobfp3m2+D6iFNOE9VrO896ho9tj1",
                      "placeholder_text" : "/* TODO */"
                    }
                  ],
                  "is_visible" : true,
                  "is_binary" : false
                },
                "test/output.txt" : {
                  "name" : "test/output.txt",
                  "placeholders" : [ ],
                  "is_visible" : false,
                  "is_binary" : false
                },
                "test/input.txt" : {
                  "name" : "test/input.txt",
                  "placeholders" : [ ],
                  "is_visible" : false,
                  "is_binary" : false
                }
              },
              "description_text" : "**Print the following message on the console:**\n\nJava is fun.  \nI can print messages now.\n\n**Note:** The code prints only two lines and the console cursor rests at the end of the second line.",
              "description_format" : "MD",
              "task_type" : "output"
            },
            {
              "id" : 644200869,
              "name" : "Complete Hello World",
              "files" : {
                "src/HelloWorld.java" : {
                  "name" : "src/HelloWorld.java",
                  "placeholders" : [
                    {
                      "offset" : 0,
                      "length" : 23,
                      "possible_answer" : "9mSvn1hxRXU6ifDygSJkuj19ju5pGcpRU8DkKmRi24Q=",
                      "placeholder_text" : "/* Class Declaration */"
                    },
                    {
                      "offset" : 29,
                      "length" : 24,
                      "possible_answer" : "6J072/lcpPGdQoX8RHSjNVT+3o0u8vWaugj7FBrW/KLH4lTgucg2/duL0TBs195/",
                      "placeholder_text" : "/* Method Declaration */"
                    },
                    {
                      "offset" : 62,
                      "length" : 23,
                      "possible_answer" : "hPCGMtq5LjZmA9ye76lrFOg8SvX7oSmCHQV4ZRjrAE21lUx9hxJX7R5gWE0K0UB6",
                      "placeholder_text" : "/* Print Hello World */"
                    }
                  ],
                  "is_visible" : true,
                  "is_binary" : false
                },
                "test/output.txt" : {
                  "name" : "test/output.txt",
                  "placeholders" : [ ],
                  "is_visible" : false,
                  "is_binary" : false
                },
                "test/input.txt" : {
                  "name" : "test/input.txt",
                  "placeholders" : [ ],
                  "is_visible" : false,
                  "is_binary" : false
                }
              },
              "description_text" : "**Fill in the placeholders to complete the program and Print Hello World! to the console**",
              "description_format" : "MD",
              "task_type" : "output"
            },
            {
              "id" : 1988537391,
              "name" : "User Input",
              "files" : {
                "src/UserInputExample.java" : {
                  "name" : "src/UserInputExample.java",
                  "placeholders" : [ ],
                  "is_visible" : true,
                  "is_binary" : false
                }
              },
              "description_text" : "In Java, we can take input from the user using the `Scanner` class.\n\n### Example: Asking for the User’s Name\n\n```java\n// Import Scanner class\nimport java.util.Scanner; \n\npublic class UserInputExample {\n    public static void main(String[] args) {\n        // Create Scanner object\n        Scanner scanner = new Scanner(System.in); \n        \n        System.out.print(\"Enter your name: \");\n\n        // Read user input\n        String name = scanner.nextLine(); \n        \n        System.out.println(\"Hello, \" + name + \"! Welcome to Java.\");\n    }\n}\n```",
              "description_format" : "MD",
              "task_type" : "theory"
            },
            {
              "id" : 1114290113,
              "name" : "Print User Input",
              "files" : {
                "src/PrintUserInput.java" : {
                  "name" : "src/PrintUserInput.java",
                  "placeholders" : [
                    {
                      "offset" : 201,
                      "length" : 10,
                      "possible_answer" : "gEU6GLXRMBewtbMLNMiud3zRhb0Hpj/py3tc9DghXrQ1Zae7TxBitb8wY86hSOhn",
                      "placeholder_text" : "/* TODO */"
                    },
                    {
                      "offset" : 248,
                      "length" : 10,
                      "possible_answer" : "jLDe/SH4mugeqYVENhakYJOryhLbYocMk+OS32P3OxnJ20bfmbR5wuS75vJ0kkRQ",
                      "placeholder_text" : "/* TODO */"
                    },
                    {
                      "offset" : 307,
                      "length" : 10,
                      "possible_answer" : "UASICJdXikgZxS8GcbaXeQ==",
                      "placeholder_text" : "/* TODO */"
                    }
                  ],
                  "is_visible" : true,
                  "is_binary" : false
                },
                "test/Tests.java" : {
                  "name" : "test/Tests.java",
                  "placeholders" : [ ],
                  "is_visible" : false,
                  "is_binary" : false
                }
              },
              "description_text" : "**Fill in the placeholders to complete the program and Print Hello World! to the console**",
              "description_format" : "MD",
              "task_type" : "edu"
            }
          ],
          "type" : "lesson"
        }
      ],
      "type" : "section"
    },
    {
      "id" : 487069495,
      "title" : "DataTypesVariablesOperators",
      "custom_name" : "Data Types, Variables and Operators",
      "items" : [
        {
          "id" : 1783059548,
          "title" : "Variables",
          "task_list" : [ ],
          "type" : "lesson"
        },
        {
          "id" : 1974548073,
          "title" : "Data Types",
          "task_list" : [ ],
          "type" : "lesson"
        },
        {
          "id" : 58903610,
          "title" : "Operators",
          "task_list" : [ ],
          "type" : "lesson"
        }
      ],
      "type" : "section"
    }
  ],
  "additional_files" : [
    {
      "name" : "common/src/main/java/org/jetbrains/academy/java/template/CourseUtils.java",
      "is_visible" : true,
      "is_binary" : false
    },
    {
      "name" : "common/src/main/resources/images/logo.png",
      "is_visible" : true,
      "is_binary" : true
    },
    {
      "name" : "common/src/main/resources/images/logo_dark.png",
      "is_visible" : true,
      "is_binary" : true
    },
    {
      "name" : "common/src/main/resources/images/files-order.gif",
      "is_visible" : true,
      "is_binary" : true
    },
    {
      "name" : "common/src/main/resources/images/theme-example.gif",
      "is_visible" : true,
      "is_binary" : true
    },
    {
      "name" : "common/src/main/resources/images/use_template_blur.jpg",
      "is_visible" : true,
      "is_binary" : true
    },
    {
      "name" : "common/src/main/resources/images/course-structure-author.png",
      "is_visible" : true,
      "is_binary" : true
    },
    {
      "name" : "common/src/main/resources/images/course-structure-student.png",
      "is_visible" : true,
      "is_binary" : true
    },
    {
      "name" : "common/src/main/resources/images/get-from-version-control.png",
      "is_visible" : true,
      "is_binary" : true
    },
    {
      "name" : "common/src/main/resources/images/run-debug-configurations.png",
      "is_visible" : true,
      "is_binary" : true
    },
    {
      "name" : "common/build.gradle.kts",
      "is_visible" : true,
      "is_binary" : false
    },
    {
      "name" : "LICENSE",
      "is_visible" : true,
      "is_binary" : false
    },
    {
      "name" : "build.gradle.kts",
      "is_visible" : true,
      "is_binary" : false
    },
    {
      "name" : "gradle.properties",
      "is_visible" : true,
      "is_binary" : false
    },
    {
      "name" : "settings.gradle.kts",
      "is_visible" : true,
      "is_binary" : false
    },
    {
      "name" : ".idea/inspectionProfiles/Project_Default.xml",
      "is_visible" : true,
      "is_binary" : false
    }
  ],
  "version" : 19,
  "environment_settings" : {
    "jvm_language_level" : "JDK_17"
  },
  "edu_plugin_version" : "2025.2-2024.3-1399"
}